label,precision,recall,f1-score,support,score
survived,0.9682036097010717,0.8475590939949392,0.9038733669003192,16203.0,
expired,0.39814814814814814,0.7836930455635491,0.5280336080142187,2085.0,
accuracy,,,,,0.8402777777777778
macro avg,0.6831758789246098,0.8156260697792441,0.7159534874572689,18288.0,
weighted avg,0.9032120503540767,0.8402777777777778,0.8610241817910934,18288.0,
