ece,mce,mean_confidence,accuracy
0.026074107755904408,0.05695141839935125,0.7632959709842531,0.7893700787401575
