{
  "accuracy": 0.8943498452012384,
  "macro_precision": 0.9042338918866791,
  "macro_recall": 0.8894991949861432,
  "macro_f1": 0.8910678151008175,
  "weighted_precision": 0.9043453586845709,
  "weighted_recall": 0.8943498452012384,
  "weighted_f1": 0.8943943090893285
}