{
  "label_beta": 13.33,
  "S_concentration": 26.66,
  "mortality_rates": [
    0.04251641894227445,
    0.1283653846153846,
    0.14780426599749058,
    0.1456096020214782,
    0.01984126984126984,
    0.0196078431372549,
    0.16363636363636364,
    0.11901358112937813,
    0.10383017997231195
  ],
  "sample_mean": 0.0989,
  "sample_var": 0.003222,
  "bootstrap_ci_95": [
    8.04,
    87.29
  ],
  "bootstrap_n": 1000,
  "method": "MoM_label_only_with_bootstrap",
  "note": "feature heterogeneity is an additional unquantified axis",
  "gate_benign": false,
  "need_dirichlet_arm": true,
  "recommended_grid": [
    "0.5",
    "1.0",
    "3.0",
    "5.0",
    "6.0",
    "7.0",
    "8.0",
    "9.0",
    "10.0",
    "12.0",
    "13.3",
    "15.0",
    "18.0",
    "20.0",
    "30.0",
    "inf"
  ]
}