ece,mce,mean_confidence,accuracy
0.013923987630904664,0.20389667826314128,0.9864472074451461,0.9725232198142415
