run_type,seed,alpha,round,loss,accuracy,worst_client_accuracy,upload_bytes,download_bytes,total_comm_bytes,selected_clients,best_loss_so_far,best_round,rounds_since_improvement,stopped_early
cvar_0.5,7,0.5,1,1.5404168287913005,0.5311664591232935,0.28155338764190674,3223280,3223280,6446560,10 4 12 20 1 2 17 3 11 18,1.5404168287913005,1,0,False
cvar_0.5,7,0.5,2,1.1810516913731892,0.6538865953683853,0.47297295928001404,3223280,3223280,6446560,1 16 6 29 2 13 24 25 7 22,1.1810516913731892,2,0,False
cvar_0.5,7,0.5,3,0.931266971429189,0.7176864246527354,0.5185185074806213,3223280,3223280,6446560,17 13 1 26 18 3 7 20 22 25,0.931266971429189,3,0,False
