run_type,seed,alpha,round,loss,accuracy,worst_client_accuracy,upload_bytes,download_bytes,total_comm_bytes,selected_clients,best_loss_so_far,best_round,rounds_since_improvement,stopped_early
cvar_0.75,7,0.75,1,1.5416663567225137,0.5306087881326675,0.28155338764190674,3223280,3223280,6446560,10 4 12 20 1 2 17 3 11 18,1.5416663567225137,1,0,False
cvar_0.75,7,0.75,2,1.182867125670115,0.6512805134057998,0.47297295928001404,3223280,3223280,6446560,1 16 6 29 2 13 24 25 7 22,1.182867125670115,2,0,False
cvar_0.75,7,0.75,3,0.9327574908733368,0.7173102796077728,0.5432098507881165,3223280,3223280,6446560,17 13 1 26 18 3 7 20 22 25,0.9327574908733368,3,0,False
