run_type,seed,alpha,round,loss,accuracy,worst_client_accuracy,upload_bytes,download_bytes,total_comm_bytes,selected_clients,best_loss_so_far,best_round,rounds_since_improvement,stopped_early
cvar_0.95,11,0.95,1,1.5207210024197897,0.37967780530452727,0.2631579041481018,3223280,3223280,6446560,14 27 17 24 29 25 16 18 6 5,1.5207210024197897,1,0,False
cvar_0.95,11,0.95,2,1.1628304640452067,0.5677271117766698,0.42105263471603394,3223280,3223280,6446560,25 16 15 20 19 5 3 14 9 4,1.1628304640452067,2,0,False
cvar_0.95,11,0.95,3,0.919230169057846,0.6328919142484665,0.45679011940956116,3223280,3223280,6446560,2 17 25 22 20 1 19 12 14 27,0.919230169057846,3,0,False
