run_type,seed,alpha,round,loss,accuracy,worst_client_accuracy,upload_bytes,download_bytes,total_comm_bytes,selected_clients,best_loss_so_far,best_round,rounds_since_improvement,stopped_early
cvar_0.75,11,0.75,1,1.5201116879781087,0.3790069590012232,0.2631579041481018,3223280,3223280,6446560,14 27 17 24 29 25 16 18 6 5,1.5201116879781087,1,0,False
cvar_0.75,11,0.75,2,1.1622165322303772,0.5677906701962153,0.40789473056793213,3223280,3223280,6446560,25 16 15 20 19 5 3 14 9 4,1.1622165322303772,2,0,False
cvar_0.75,11,0.75,3,0.9193653086821238,0.6336490402619044,0.4444444477558136,3223280,3223280,6446560,2 17 25 22 20 1 19 12 14 27,0.9193653086821238,3,0,False
