run_type,seed,alpha,round,loss,accuracy,worst_client_accuracy,upload_bytes,download_bytes,total_comm_bytes,selected_clients,best_loss_so_far,best_round,rounds_since_improvement,stopped_early
cvar_0,7,0,1,1.536300293604533,0.5349458634853363,0.291262149810791,3223280,3223280,6446560,10 4 12 20 1 2 17 3 11 18,1.536300293604533,1,0,False
cvar_0,7,0,2,1.17509313027064,0.6421149333318075,0.44594594836235046,3223280,3223280,6446560,1 16 6 29 2 13 24 25 7 22,1.17509313027064,2,0,False
cvar_0,7,0,3,0.925530876715978,0.7212721625963847,0.5308641791343689,3223280,3223280,6446560,17 13 1 26 18 3 7 20 22 25,0.925530876715978,3,0,False
