run_type,seed,alpha,round,loss,accuracy,worst_client_accuracy,upload_bytes,download_bytes,total_comm_bytes,selected_clients,best_loss_so_far,best_round,rounds_since_improvement,stopped_early
fedavg_default,7,,1,1.5300927718480428,0.4783283640940984,0.3448275923728943,3223280,3223280,6446560,10 4 12 20 1 2 17 3 11 18,1.5300927718480428,1,0,False
fedavg_default,7,,2,1.181416356563568,0.5485330075025558,0.39080458879470825,3223280,3223280,6446560,1 16 6 29 2 13 24 25 7 22,1.181416356563568,2,0,False
fedavg_default,7,,3,0.9371291597684225,0.6919068058331808,0.5365853905677795,3223280,3223280,6446560,17 13 1 26 18 3 7 20 22 25,0.9371291597684225,3,0,False
