run_type,seed,alpha,round,loss,accuracy,worst_client_accuracy,upload_bytes,download_bytes,total_comm_bytes,selected_clients,best_loss_so_far,best_round,rounds_since_improvement,stopped_early
ga_best_validated,7,,1,0.6636641512314478,0.6808723996082942,0.47297295928001404,1289312,1289312,2578624,10 4 12 20,0.6636641512314478,1,0,False
ga_best_validated,7,,2,0.3941032248238722,0.8535936156908671,0.6351351141929626,1289312,1289312,2578624,1 2 26 17,0.3941032248238722,2,0,False
ga_best_validated,7,,3,0.33644177665313085,0.88465243379275,0.6666666865348816,1289312,1289312,2578624,3 11 18 1,0.33644177665313085,3,0,False
