run_type,seed,alpha,round,loss,accuracy,worst_client_accuracy,upload_bytes,download_bytes,total_comm_bytes,selected_clients,best_loss_so_far,best_round,rounds_since_improvement,stopped_early
grid_best_validated,11,,1,1.1870642264684041,0.6454212059577306,0.4197530746459961,3867936,3867936,7735872,14 27 17 24 29 25 16 18 6 5 23 15,1.1870642264684041,1,0,False
grid_best_validated,11,,2,0.7417457103729248,0.7947218040625255,0.582524299621582,3867936,3867936,7735872,20 19 25 5 3 14 9 4 2 17 1 12,0.7417457103729248,2,0,False
grid_best_validated,11,,3,0.505087016026179,0.8272022902965546,0.6116504669189453,3867936,3867936,7735872,14 20 23 19 28 5 26 0 16 2 1 27,0.505087016026179,3,0,False
