ece,mce,mean_confidence,accuracy
0.019004298600572674,0.05621217165721104,0.8212734791772051,0.8402777777777778
