{
  "method": "fedprox_mu_0p01",
  "seed": 37,
  "mu": 0.01,
  "stopped_round": 26,
  "stopped_early": true,
  "best_round": 11,
  "best_loss": 0.2985737613505787,
  "final_loss": 0.31921352528863484,
  "final_accuracy": 0.8490143087175157,
  "final_worst_client_accuracy": 0.771894633769989,
  "total_comm_until_stop": 315030560,
  "final_auroc": 0.9149862853653385,
  "final_auprc": 0.6754309782101128,
  "final_balanced_accuracy": 0.8342637054955184,
  "final_sensitivity": 0.8508393285371703,
  "final_specificity": 0.8176880824538666,
  "final_worst_client_recall": 0.5,
  "final_worst_client_auprc": 0.2824813136503784
}