{
  "method": "fedprox_mu_0p001",
  "seed": 29,
  "mu": 0.001,
  "stopped_round": 42,
  "stopped_early": true,
  "best_round": 27,
  "best_loss": 0.3000948015186522,
  "final_loss": 0.3644442293379042,
  "final_accuracy": 0.8951450321409438,
  "final_worst_client_accuracy": 0.826097846031189,
  "total_comm_until_stop": 508895520,
  "final_auroc": 0.8945003375192828,
  "final_auprc": 0.6407052913387834,
  "final_balanced_accuracy": 0.7996503445271925,
  "final_sensitivity": 0.705515587529976,
  "final_specificity": 0.893785101524409,
  "final_worst_client_recall": 0.0,
  "final_worst_client_auprc": 0.19434009808069957
}