{
  "method": "fedprox_mu_0p1",
  "seed": 43,
  "mu": 0.1,
  "stopped_round": 32,
  "stopped_early": true,
  "best_round": 17,
  "best_loss": 0.2949213915401035,
  "final_loss": 0.31157181246413124,
  "final_accuracy": 0.835287974940406,
  "final_worst_client_accuracy": 0.7432873249053955,
  "total_comm_until_stop": 387729920,
  "final_auroc": 0.9117089072678164,
  "final_auprc": 0.6603995149284122,
  "final_balanced_accuracy": 0.8290784591360424,
  "final_sensitivity": 0.8613908872901679,
  "final_specificity": 0.7967660309819169,
  "final_worst_client_recall": 0.5,
  "final_worst_client_auprc": 0.33019772818027526
}