{
  "method": "fedprox_mu_0p0",
  "seed": 31,
  "mu": 0.0,
  "stopped_round": 43,
  "stopped_early": true,
  "best_round": 28,
  "best_loss": 0.285082436270184,
  "final_loss": 0.3316149628824658,
  "final_accuracy": 0.9076878097322252,
  "final_worst_client_accuracy": 0.8383939862251282,
  "total_comm_until_stop": 521012080,
  "final_auroc": 0.8740412520936777,
  "final_auprc": 0.6199951156839536,
  "final_balanced_accuracy": 0.7763645776583695,
  "final_sensitivity": 0.6354916067146283,
  "final_specificity": 0.9172375486021107,
  "final_worst_client_recall": 0.1,
  "final_worst_client_auprc": 0.12085084033613444
}