{
  "method": "fedprox_mu_0p0",
  "seed": 47,
  "mu": 0.0,
  "stopped_round": 38,
  "stopped_early": true,
  "best_round": 23,
  "best_loss": 0.33267100983195835,
  "final_loss": 0.4064021242989434,
  "final_accuracy": 0.8783706956439548,
  "final_worst_client_accuracy": 0.8020075559616089,
  "total_comm_until_stop": 460429280,
  "final_auroc": 0.9020699159983252,
  "final_auprc": 0.6475222624320184,
  "final_balanced_accuracy": 0.8166331219416246,
  "final_sensitivity": 0.7697841726618705,
  "final_specificity": 0.8634820712213788,
  "final_worst_client_recall": 0.3,
  "final_worst_client_auprc": 0.1976174456610834
}