{
  "method": "fedprox_mu_0p01",
  "seed": 31,
  "mu": 0.01,
  "stopped_round": 77,
  "stopped_early": true,
  "best_round": 62,
  "best_loss": 0.26125161349773407,
  "final_loss": 0.3023701359828313,
  "final_accuracy": 0.8732855584886339,
  "final_worst_client_accuracy": 0.8045169115066528,
  "total_comm_until_stop": 932975120,
  "final_auroc": 0.8962705044259353,
  "final_auprc": 0.6394471684972421,
  "final_balanced_accuracy": 0.8135446540009245,
  "final_sensitivity": 0.7678657074340528,
  "final_specificity": 0.8592236005677961,
  "final_worst_client_recall": 0.6,
  "final_worst_client_auprc": 0.3225253189994508
}