{
  "method": "fedprox_mu_0p0",
  "seed": 11,
  "mu": 0.0,
  "stopped_round": 40,
  "stopped_early": true,
  "best_round": 25,
  "best_loss": 0.3425443404250675,
  "final_loss": 0.4069126811292436,
  "final_accuracy": 0.8790110548337301,
  "final_worst_client_accuracy": 0.8097866773605347,
  "total_comm_until_stop": 484662400,
  "final_auroc": 0.8819784535267545,
  "final_auprc": 0.6355609892662759,
  "final_balanced_accuracy": 0.8043200100167968,
  "final_sensitivity": 0.7467625899280576,
  "final_specificity": 0.861877430105536,
  "final_worst_client_recall": 0.1,
  "final_worst_client_auprc": 0.13795494834647593
}