{
  "method": "fedprox_mu_0p0",
  "seed": 43,
  "mu": 0.0,
  "stopped_round": 31,
  "stopped_early": true,
  "best_round": 16,
  "best_loss": 0.32966602179739213,
  "final_loss": 0.38260359234280056,
  "final_accuracy": 0.890495068497128,
  "final_worst_client_accuracy": 0.8082810640335083,
  "total_comm_until_stop": 375613360,
  "final_auroc": 0.8953200187489334,
  "final_auprc": 0.6362519771833707,
  "final_balanced_accuracy": 0.8012733231300537,
  "final_sensitivity": 0.7189448441247003,
  "final_specificity": 0.8836018021354071,
  "final_worst_client_recall": 0.1,
  "final_worst_client_auprc": 0.23310038545332662
}