{
  "method": "fedprox_mu_0p1",
  "seed": 31,
  "mu": 0.1,
  "stopped_round": 52,
  "stopped_early": true,
  "best_round": 37,
  "best_loss": 0.2738129761483934,
  "final_loss": 0.2848614470826255,
  "final_accuracy": 0.8457862006293403,
  "final_worst_client_accuracy": 0.7681304812431335,
  "total_comm_until_stop": 630061120,
  "final_auroc": 0.914275134234401,
  "final_auprc": 0.670590123076036,
  "final_balanced_accuracy": 0.8308975112078454,
  "final_sensitivity": 0.8489208633093526,
  "final_specificity": 0.8128741591063383,
  "final_worst_client_recall": 0.5,
  "final_worst_client_auprc": 0.3332288246016469
}