{
  "method": "fedprox_mu_0p01",
  "seed": 7,
  "mu": 0.01,
  "stopped_round": 64,
  "stopped_early": true,
  "best_round": 49,
  "best_loss": 0.27501191364394295,
  "final_loss": 0.29535191423363155,
  "final_accuracy": 0.8648978273073832,
  "final_worst_client_accuracy": 0.7978521585464478,
  "total_comm_until_stop": 775459840,
  "final_auroc": 0.9040115583889119,
  "final_auprc": 0.6481445785244989,
  "final_balanced_accuracy": 0.8208966098737378,
  "final_sensitivity": 0.7904076738609113,
  "final_specificity": 0.8513855458865642,
  "final_worst_client_recall": 0.6,
  "final_worst_client_auprc": 0.3782719488045755
}