{
  "x": [
    4.893972128846123,
    4.154513594150248,
    0.0716965180222601
  ],
  "fitness": 0.399288531607213,
  "evaluations": 36
}