ece,mce,mean_confidence,accuracy
0.010424647976185886,0.14061562129945465,0.8852596485946939,0.8943498452012384
