run_type,seed,alpha,round,loss,accuracy,worst_client_accuracy,upload_bytes,download_bytes,total_comm_bytes,selected_clients,best_loss_so_far,best_round,rounds_since_improvement,stopped_early
cvar_0.9,7,0.9,1,1.541540805498759,0.5241836766401927,0.28155338764190674,3223280,3223280,6446560,10 4 12 20 1 2 17 3 11 18,1.541540805498759,1,0,False
cvar_0.9,7,0.9,2,1.182987908522288,0.6275879790385565,0.44594594836235046,3223280,3223280,6446560,1 16 6 29 2 13 24 25 7 22,1.182987908522288,2,0,False
cvar_0.9,7,0.9,3,0.9339559614658356,0.7182194789250692,0.5432098507881165,3223280,3223280,6446560,17 13 1 26 18 3 7 20 22 25,0.9339559614658356,3,0,False
