run_type,seed,alpha,round,loss,accuracy,worst_client_accuracy,upload_bytes,download_bytes,total_comm_bytes,selected_clients,best_loss_so_far,best_round,rounds_since_improvement,stopped_early
cvar_0.5,11,0.5,1,1.5195149819056193,0.37901404599348704,0.2631579041481018,3223280,3223280,6446560,14 27 17 24 29 25 16 18 6 5,1.5195149819056193,1,0,False
cvar_0.5,11,0.5,2,1.1619062264760336,0.5656514902909596,0.3947368562221527,3223280,3223280,6446560,25 16 15 20 19 5 3 14 9 4,1.1619062264760336,2,0,False
cvar_0.5,11,0.5,3,0.919284584124883,0.6360556294520696,0.4444444477558136,3223280,3223280,6446560,2 17 25 22 20 1 19 12 14 27,0.919284584124883,3,0,False
