run_type,seed,alpha,round,loss,accuracy,worst_client_accuracy,upload_bytes,download_bytes,total_comm_bytes,selected_clients,best_loss_so_far,best_round,rounds_since_improvement,stopped_early
ga_best_validated,11,,1,0.6246892044941584,0.747323751449585,0.5185185074806213,1289312,1289312,2578624,14 27 17 29,0.6246892044941584,1,0,False
ga_best_validated,11,,2,0.3726492504278819,0.8649072070916494,0.6756756901741028,1289312,1289312,2578624,24 14 16 27,0.3726492504278819,2,0,False
ga_best_validated,11,,3,0.28336524615685144,0.8942716181278229,0.5925925970077515,1289312,1289312,2578624,18 6 5 25,0.28336524615685144,3,0,False
