run_type,seed,alpha,round,loss,accuracy,worst_client_accuracy,upload_bytes,download_bytes,total_comm_bytes,selected_clients,best_loss_so_far,best_round,rounds_since_improvement,stopped_early
grid_best_validated,7,,1,1.256039834022522,0.5199136624733607,0.39080458879470825,3867936,3867936,7735872,10 4 12 20 1 2 17 3 11 18 25 16,1.256039834022522,1,0,False
grid_best_validated,7,,2,0.7859712302684784,0.8182819426059723,0.6777777671813965,3867936,3867936,7735872,6 1 2 13 26 27 7 24 17 25 28 18,0.7859712302684784,2,0,False
grid_best_validated,7,,3,0.521414852142334,0.8495440264542897,0.6796116232872009,3867936,3867936,7735872,3 7 20 27 18 1 25 23 12 24 28 26,0.521414852142334,3,0,False
